agenda,date,draft,draft_url,meeting_record,meeting_record_url,veto_power,veto_china,veto_france,veto_russia,veto_ussr,veto_uk,veto_usa,datetime,agenda_cleaned
"Middle East situation, including the Palestinian question",1 June 2018,S/2018/516,http://www.un.org/en/ga/search/view_doc.asp?symbol=S/2018/516,S/PV.8274,http://www.un.org/en/ga/search/view_doc.asp?symbol=S/PV.8274,USA,,,,,,USA,2018-06-01,Palestine
Middle East ,10 April 2018,S/2018/321,http://www.un.org/en/ga/search/view_doc.asp?symbol=S/2018/321,S/PV.8228,http://www.un.org/en/ga/search/view_doc.asp?symbol=S/PV.8228,Russian_Federation,,,Russian Federation,,,,2018-04-10,Middle East
Middle East ,26 February 2018,S/2018/156,http://www.un.org/en/ga/search/view_doc.asp?symbol=S/2018/156,S/PV.8190,http://www.un.org/en/ga/search/view_doc.asp?symbol=S/PV.8190,Russian_Federation,,,Russian Federation,,,,2018-02-26,Middle East
"Middle East situation, including the Palestinian question",18 December 2017,S/2017/1060,http://www.un.org/en/ga/search/view_doc.asp?symbol=S/2017/1060,S/PV.8139,http://www.un.org/en/ga/search/view_doc.asp?symbol=S/PV.8139,USA,,,,,,USA,2017-12-18,Palestine
Middle East ,17 November 2017,S/2017/970,http://www.un.org/en/ga/search/view_doc.asp?symbol=S/2017/970,S/PV.8107,http://www.un.org/en/ga/search/view_doc.asp?symbol=S/PV.8107,Russian_Federation,,,Russian Federation,,,,2017-11-17,Middle East
Middle East ,16 November 2017,S/2017/962,http://www.un.org/en/ga/search/view_doc.asp?symbol=S/2017/962,S/PV.8105,http://www.un.org/en/ga/search/view_doc.asp?symbol=S/PV.8105,Russian_Federation,,,Russian Federation,,,,2017-11-16,Middle East
Middle East ,24 October 2017,S/2017/884,http://www.un.org/en/ga/search/view_doc.asp?symbol=S/2017/884,S/PV.8073,http://www.un.org/en/ga/search/view_doc.asp?symbol=S/PV.8073,Russian_Federation,,,Russian Federation,,,,2017-10-24,Middle East
Middle East ,12 April 2017,S/2017/315,http://www.un.org/en/ga/search/view_doc.asp?symbol=S/2017/315,S/PV.7922,http://www.un.org/en/ga/search/view_doc.asp?symbol=S/PV.7922,Russian_Federation,,,Russian Federation,,,,2017-04-12,Middle East
Middle East ,28 February 2017,S/2017/172,http://www.un.org/en/ga/search/view_doc.asp?symbol=S/2017/172,S/PV.7893,http://www.un.org/en/ga/search/view_doc.asp?symbol=S/PV.7893,China Russian_Federation,China,,Russian Federation,,,,2017-02-28,Middle East
Middle East ,5 December 2016,S/2016/1026,http://www.un.org/en/ga/search/view_doc.asp?symbol=S/2016/1026,S/PV.7825,http://www.un.org/en/ga/search/view_doc.asp?symbol=S/PV.7825,China Russian_Federation,China,,Russian Federation,,,,2016-12-05,Middle East
Middle East ,8 October 2016,S/2016/846,http://www.un.org/en/ga/search/view_doc.asp?symbol=S/2016/846,S/PV.7785,http://www.un.org/en/ga/search/view_doc.asp?symbol=S/PV.7785,Russian_Federation,,,Russian Federation,,,,2016-10-08,Middle East
Letter dated 28 February 2014 from the Permanent Representative of Ukraine to the United Nations addressed to the President of the Security Council (S/2014/136),29 July 2015,S/2015/562,http://www.un.org/en/ga/search/view_doc.asp?symbol=S/2015/562,S/PV.7498,http://www.un.org/en/ga/search/view_doc.asp?symbol=S/PV.7498,Russian_Federation,,,Russian Federation,,,,2015-07-29,Letter dated 28 February 2014 from the Permanent Representative of Ukraine to the United Nations addressed to the President of the Security Council (S/2014/136)
The situation in Bosnia and Herzegovina,8 July 2015,S/2015/508,http://www.un.org/en/ga/search/view_doc.asp?symbol=S/2015/508,S/PV.7481,http://www.un.org/en/ga/search/view_doc.asp?symbol=S/PV.7481,Russian_Federation,,,Russian Federation,,,,2015-07-08,Bosnia and Herzegovina
Middle East - Syria,22 May 2014,S/2014/348,http://www.un.org/en/ga/search/view_doc.asp?symbol=S/2014/348,S/PV.7180,http://www.un.org/en/ga/search/view_doc.asp?symbol=S/PV.7180,China Russian_Federation,China,,Russian Federation,,,,2014-05-22,Middle East- Syria
Letter dated 28 February 2014 from the Permanent Representative of Ukraine to the United Nations addressed to the President of the Security Council (S/2014/136),15 March 2014,S/2014/189,http://www.un.org/en/ga/search/view_doc.asp?symbol=S/2014/189,S/PV.7138,http://www.un.org/en/ga/search/view_doc.asp?symbol=S/PV.7138,Russian_Federation,,,Russian Federation,,,,2014-03-15,Letter dated 28 February 2014 from the Permanent Representative of Ukraine to the United Nations addressed to the President of the Security Council (S/2014/136)
Middle East - Syria,19 July 2012,S/2012/538,http://www.un.org/en/ga/search/view_doc.asp?symbol=S/2012/538,S/PV.6810,http://www.un.org/en/ga/search/view_doc.asp?symbol=S/PV.6810,China Russian_Federation,China,,Russian Federation,,,,2012-07-19,Middle East- Syria
Middle East - Syria,4 February 2012,S/2012/77,http://www.un.org/en/ga/search/view_doc.asp?symbol=S/2012/77,S/PV.6711,http://www.un.org/en/ga/search/view_doc.asp?symbol=S/PV.6711,China Russian_Federation,China,,Russian Federation,,,,2012-02-04,Middle East- Syria
Middle East - Syria,4 October 2011,S/2011/612,http://www.un.org/en/ga/search/view_doc.asp?symbol=S/2011/612,S/PV.6627,http://www.un.org/en/ga/search/view_doc.asp?symbol=S/PV.6627,China Russian_Federation,China,,Russian Federation,,,,2011-10-04,Middle East- Syria
"Middle East situation, including the Palestinian question",18 February 2011,S/2011/24,http://www.un.org/en/ga/search/view_doc.asp?symbol=S/2011/24,S/PV.6484,http://www.un.org/en/ga/search/view_doc.asp?symbol=S/PV.6484,USA,,,,,,USA,2011-02-18,Palestine
Georgia,15 June 2009,S/2009/310,http://www.un.org/en/ga/search/view_doc.asp?symbol=S/2009/310,S/PV.6143,http://www.un.org/en/ga/search/view_doc.asp?symbol=S/PV.6143,Russian_Federation,,,Russian Federation,,,,2009-06-15,Georgia
Peace and Security - Africa (Zimbabwe),11 July 2008,S/2008/447,http://www.un.org/en/ga/search/view_doc.asp?symbol=S/2008/447,S/PV.5933,http://www.un.org/en/ga/search/view_doc.asp?symbol=S/PV.5933,China Russian_Federation,China,,Russian Federation,,,,2008-07-11,Peace and Security - Africa (Zimbabwe)
Myanmar,12 January 2007,S/2007/14,http://www.un.org/en/ga/search/view_doc.asp?symbol=S/2007/14,S/PV.5619,http://www.un.org/en/ga/search/view_doc.asp?symbol=S/PV.5619,China Russian_Federation,China,,Russian Federation,,,,2007-01-12,Myanmar
"Middle East situation, including the Palestinian question",11 November 2006,S/2006/878,http://www.un.org/en/ga/search/view_doc.asp?symbol=S/2006/878,S/PV.5565,http://www.un.org/en/ga/search/view_doc.asp?symbol=S/PV.5565,USA,,,,,,USA,2006-11-11,Palestine
"Middle East situation, including the Palestinian question",13 July 2006,S/2006/508,http://www.un.org/en/ga/search/view_doc.asp?symbol=S/2006/508,S/PV.5488,http://www.un.org/en/ga/search/view_doc.asp?symbol=S/PV.5488,USA,,,,,,USA,2006-07-13,Palestine
"Middle East situation, including the Palestinian question",5 October 2004,S/2004/783,http://www.un.org/en/ga/search/view_doc.asp?symbol=S/2004/783,S/PV.5051,http://www.un.org/en/ga/search/view_doc.asp?symbol=S/PV.5051,USA,,,,,,USA,2004-10-05,Palestine
Cyprus,21 April 2004,S/2004/313,http://www.un.org/en/ga/search/view_doc.asp?symbol=S/2004/313,S/PV.4947,http://www.un.org/en/ga/search/view_doc.asp?symbol=S/PV.4947,Russian_Federation,,,Russian Federation,,,,2004-04-21,Cyprus
"Middle East situation, including the Palestinian question",25 March 2004,S/2004/240,http://www.un.org/en/ga/search/view_doc.asp?symbol=S/2004/240,S/PV.4934,http://www.un.org/en/ga/search/view_doc.asp?symbol=S/PV.4934,USA,,,,,,USA,2004-03-25,Palestine
"The situation in the Middle East, including the Palestinian question",14 October 2003,S/2003/980,http://www.un.org/en/ga/search/view_doc.asp?symbol=S/2003/980,S/PV.4842,http://www.un.org/en/ga/search/view_doc.asp?symbol=S/PV.PV.4842,USA,,,,,,USA,2003-10-14,Palestine
"The situation in the Middle East, including the Palestinian question",16 September 2003,S/2003/891,http://www.un.org/en/ga/search/view_doc.asp?symbol=S/2003/891,S/PV.4828,http://www.un.org/en/ga/search/view_doc.asp?symbol=S/PV.4828,USA,,,,,,USA,2003-09-16,Palestine
"The situation in the Middle East, including the Palestinian question",20 December 2002,S/2002/1385,http://www.un.org/en/ga/search/view_doc.asp?symbol=S/2002/1385,S/PV.4681,http://www.un.org/en/ga/search/view_doc.asp?symbol=S/PV.4681,USA,,,,,,USA,2002-12-20,Palestine
The situation in Bosnia and Herzegovina,30 June 2002,S/2002/712,http://www.un.org/en/ga/search/view_doc.asp?symbol=S/2002/712,S/PV.4563,http://www.un.org/en/ga/search/view_doc.asp?symbol=S/PV.4563,USA,,,,,,USA,2002-06-30,Bosnia and Herzegovina
"The situation in the Middle East, including the Palestinian question",14 December 2001,S/2001/1199,http://www.un.org/en/ga/search/view_doc.asp?symbol=S/2001/1199,S/PV.4438,http://www.un.org/en/ga/search/view_doc.asp?symbol=S/PV.4438,USA,,,,,,USA,2001-12-14,Palestine
"The situation in the Middle East, including the Palestinian question",27 March 2001,S/2001/270,http://www.un.org/en/ga/search/view_doc.asp?symbol=S/2001/270,S/PV.4305,http://www.un.org/en/ga/search/view_doc.asp?symbol=S/PV.4305,USA,,,,,,USA,2001-03-27,Palestine
The situation in the former Yugoslav Republic of Macedonia,25 February 1999,S/1999/201,http://www.un.org/en/ga/search/view_doc.asp?symbol=S/1999/201,S/PV.3982,http://www.un.org/en/ga/search/view_doc.asp?symbol=S/PV.3982,China,China,,,,,,1999-02-25,former Yugoslav Republic of Macedonia
The situation in the occupied Arab territories ,21 March 1997,S/1997/241,http://www.un.org/en/ga/search/view_doc.asp?symbol=S/1997/241,S/PV.3756,http://www.un.org/en/ga/search/view_doc.asp?symbol=S/PV.3756,USA,,,,,,USA,1997-03-21,occupied Arab territories
The situation in the occupied Arab territories ,7 March 1997,S/1997/199,http://www.un.org/en/ga/search/view_doc.asp?symbol=S/1997/199,S/PV.3747,http://www.un.org/en/ga/search/view_doc.asp?symbol=S/PV.3747,USA,,,,,,USA,1997-03-07,occupied Arab territories
Central America: efforts towards peace ,10 January 1997,S/1997/18,http://www.un.org/en/ga/search/view_doc.asp?symbol=S/1997/18,S/PV.3730,http://www.un.org/en/ga/search/view_doc.asp?symbol=S/PV.3730,China,China,,,,,,1997-01-10,Central America: efforts towards peace
The situation in the occupied Arab territories,17 May 1995,S/1995/394,http://www.un.org/en/ga/search/view_doc.asp?symbol=S/1995/394,S/PV.3538,http://www.un.org/en/ga/search/view_doc.asp?symbol=S/PV.3538,USA,,,,,,USA,1995-05-17,occupied Arab territories
The situation in the Republic of Bosnia and Herzegovina ,2 December 1994,S/1994/1358,http://www.un.org/en/ga/search/view_doc.asp?symbol=S/1994/1358,S/PV.3475,http://www.un.org/en/ga/search/view_doc.asp?symbol=S/PV.3475,Russian_Federation,,,Russian Federation,,,,1994-12-02,Republic of Bosnia and Herzegovina
The situation in Cyprus ,11 May 1993,S/25693,http://www.un.org/en/ga/search/view_doc.asp?symbol=S/25693,S/PV.3211,http://www.un.org/en/ga/search/view_doc.asp?symbol=S/PV.3211,Russian_Federation,,,Russian Federation,,,,1993-05-11,Cyprus
The situation in the occupied Arab territories ,31 May 1990,S/21326,http://www.un.org/en/ga/search/view_doc.asp?symbol=S/21326,S/PV.2926,http://www.un.org/en/ga/search/view_doc.asp?symbol=S/PV.2926,USA,,,,,,USA,1990-05-31,occupied Arab territories
Letter dated 3 January 1990 from Nicaragua to the President of the Security Council ,17 January 1990,S/21084,http://www.un.org/en/ga/search/view_doc.asp?symbol=S/21084,S/PV.2905,http://www.un.org/en/ga/search/view_doc.asp?symbol=S/PV.2905,USA,,,,,,USA,1990-01-17,Letter dated 3 January 1990 from Nicaragua to the President of the Security Council
The situation in Panama ,23 December 1989,S/21048,http://www.un.org/en/ga/search/view_doc.asp?symbol=S/21048,S/PV.2902,http://www.un.org/en/ga/search/view_doc.asp?symbol=S/PV.2902,France UK USA,,France,,,UK,USA,1989-12-23,Panama
The situation in the occupied Arab territories ,7 November 1989,S/20945/Rev.1 ,http://www.un.org/en/ga/search/view_doc.asp?symbol=S/20945/Rev.1,S/PV.2889,http://www.un.org/en/ga/search/view_doc.asp?symbol=S/PV.2889,USA,,,,,,USA,1989-11-07,occupied Arab territories
The situation in the occupied Arab territories ,9 June 1989,S/20677,http://www.un.org/en/ga/search/view_doc.asp?symbol=S/20677,S/PV.2867,http://www.un.org/en/ga/search/view_doc.asp?symbol=S/PV.2867,USA,,,,,,USA,1989-06-09,occupied Arab territories
The situation in the occupied Arab territories ,17 February 1989,S/20463,http://www.un.org/en/ga/search/view_doc.asp?symbol=S/20463,S/PV.2850,http://www.un.org/en/ga/search/view_doc.asp?symbol=S/PV.2850,USA,,,,,,USA,1989-02-17,occupied Arab territories
Letters dated 4 January 1989 from Libya and Bahrain to the President of the Security Council,11 January 1989,S/20378,http://www.un.org/en/ga/search/view_doc.asp?symbol=S/20378,S/PV.2841,http://www.un.org/en/ga/search/view_doc.asp?symbol=S/PV.2841,France UK USA,,France,,,UK,USA,1989-01-11,Letters dated 4 January 1989 from Libya and Bahrain to the President of the Security Council
The situation in the Middle East ,14 December 1988,S/20322,http://www.un.org/en/ga/search/view_doc.asp?symbol=S/20322,S/PV.2832,http://www.un.org/en/ga/search/view_doc.asp?symbol=S/PV.2832,USA,,,,,,USA,1988-12-14,Middle East
The situation in the Middle East ,10 May 1988,S/19868,http://www.un.org/en/ga/search/view_doc.asp?symbol=S/19868,S/PV.2814,http://www.un.org/en/ga/search/view_doc.asp?symbol=S/PV.2814,USA,,,,,,USA,1988-05-10,Middle East
The situation in the occupied Arab territories ,15 April 1988,S/19780,http://www.un.org/en/ga/search/view_doc.asp?symbol=S/19780,S/PV.2806,http://www.un.org/en/ga/search/view_doc.asp?symbol=S/PV.2806,USA,,,,,,USA,1988-04-15,occupied Arab territories
The question of South Africa ,8 March 1988,S/19585,http://www.un.org/en/ga/search/view_doc.asp?symbol=S/19585,S/PV.2797,http://www.un.org/en/ga/search/view_doc.asp?symbol=S/PV.2797,UK USA,,,,,UK,USA,1988-03-08,South Africa
The situation in the occupied Arab territories ,1 February 1988,S/19466,http://www.un.org/en/ga/search/view_doc.asp?symbol=S/19466,S/PV.2790,http://www.un.org/en/ga/search/view_doc.asp?symbol=S/PV.2790,USA,,,,,,USA,1988-02-01,occupied Arab territories
The situation in the Middle East ,18 January 1988,S/19434,http://www.un.org/en/ga/search/view_doc.asp?symbol=S/19434,S/PV.2784,http://www.un.org/en/ga/search/view_doc.asp?symbol=S/PV.2784,USA,,,,,,USA,1988-01-18,Middle East
The situation in Namibia ,9 April 1987,S/18785 ,http://www.un.org/en/ga/search/view_doc.asp?symbol=S/18785,S/PV.2747,http://www.un.org/en/ga/search/view_doc.asp?symbol=S/PV.2747,UK USA,,,,,UK,USA,1987-04-09,Namibia
The question of South Africa,20 February 1987,S/18705,http://www.un.org/en/ga/search/view_doc.asp?symbol=S/18705,S/PV.2738,http://www.un.org/en/ga/search/view_doc.asp?symbol=S/PV.2738,UK USA,,,,,UK,USA,1987-02-20,South Africa
Letter dated 17 October 1986 from Nicaragua to the President of the Security Council ,28 October 1986,S/18428,http://www.un.org/en/ga/search/view_doc.asp?symbol=S/18428,S/PV.2718,http://www.un.org/en/ga/search/view_doc.asp?symbol=S/PV.2718,USA,,,,,,USA,1986-10-28,Letter dated 17 October 1986 from Nicaragua to the President of the Security Council
Letter dated 22 July 1986 from Nicaragua to the President of the Security Council ,31 July 1986,S/18250 ,http://www.un.org/en/ga/search/view_doc.asp?symbol=S/18250,S/PV.2704,http://www.un.org/en/ga/search/view_doc.asp?symbol=S/PV.2704,USA,,,,,,USA,1986-07-31,Letter dated 22 July 1986 from Nicaragua to the President of the Security Council
Complaint by Angola against South Africa ,18 June 1986,S/18163,http://www.un.org/en/ga/search/view_doc.asp?symbol=S/18163,S/PV.2693,http://www.un.org/en/ga/search/view_doc.asp?symbol=S/PV.2693,UK USA,,,,,UK,USA,1986-06-18,South Africa
The situation in Southern Africa ,23 May 1986,S/18087/Rev.1 ,http://www.un.org/en/ga/search/view_doc.asp?symbol=S/18087/Rev.1,S/PV.2686,http://www.un.org/en/ga/search/view_doc.asp?symbol=S/PV.2686,UK USA,,,,,UK,USA,1986-05-23,Southern Africa
"Letters dated 15 April 1986 from Libya, Burkina Faso, Syria and Oman to the President of the Security Council",21 April 1986,S/18016/Rev.1,http://www.un.org/en/ga/search/view_doc.asp?symbol=S/18016/Rev.1,S/PV.2682,http://www.un.org/en/ga/search/view_doc.asp?symbol=S/PV.2682,France UK USA,,France,,,UK,USA,1986-04-21,"Letters dated 15 April 1986 from Libya, Burkina Faso, Syria and Oman to the President of the Security Council"
Letter dated 4 February 1986 from Syria to the President of the Security Council ,6 February 1986,S/17796/Rev.1,http://www.un.org/en/ga/search/view_doc.asp?symbol=S/17796/Rev.1,S/PV.2655,http://www.un.org/en/ga/search/view_doc.asp?symbol=S/PV.2655,USA,,,,,,USA,1986-02-06,Letter dated 4 February 1986 from Syria to the President of the Security Council
The situation in the occupied Arab territories ,30 January 1986,S/17769/Rev.1,http://www.un.org/en/ga/search/view_doc.asp?symbol=S/17769/Rev.1,S/PV.2650,http://www.un.org/en/ga/search/view_doc.asp?symbol=S/PV.2650,USA,,,,,,USA,1986-01-30,occupied Arab territories
 The situation in the Middle East ,17 January 1986,S/17730/Rev.2,http://www.un.org/en/ga/search/view_doc.asp?symbol=S/17730/Rev.2,S/PV.2642,http://www.un.org/en/ga/search/view_doc.asp?symbol=S/PV.2642,USA,,,,,,USA,1986-01-17,Middle East
The situation in Namibia ,15 November 1985,S/17633,http://www.un.org/en/ga/search/view_doc.asp?symbol=S/17633,S/PV.2629,http://www.un.org/en/ga/search/view_doc.asp?symbol=S/PV.2629,UK USA,,,,,UK,USA,1985-11-15,Namibia
The situation in the occupied Arab territories ,13 September 1985,S/17459,http://www.un.org/en/ga/search/view_doc.asp?symbol=S/17459,S/PV.2605,http://www.un.org/en/ga/search/view_doc.asp?symbol=S/PV.2605(OR),USA,,,,,,USA,1985-09-13,occupied Arab territories
The situation in the Middle East ,12 March 1985,S/17000,http://www.un.org/en/ga/search/view_doc.asp?symbol=S/17000,S/PV.2573,http://www.un.org/en/ga/search/view_doc.asp?symbol=S/PV.2573(OR),USA,,,,,,USA,1985-03-12,Middle East
The situation in the Middle East ,6 September 1984,S/16732,http://www.un.org/en/ga/search/view_doc.asp?symbol=S/16732,S/PV.2556,http://www.un.org/en/ga/search/view_doc.asp?symbol=S/PV.2556(OR),USA,,,,,,USA,1984-09-06,Middle East
Letter dated 29 March 1984 from Nicaragua to the President of the Security Council ,4 April 1984,S/16463 ,http://www.un.org/en/ga/search/view_doc.asp?symbol=S/16463,S/PV.2529,http://www.un.org/en/ga/search/view_doc.asp?symbol=S/PV.2529(OR),USA,,,,,,USA,1984-04-04,Letter dated 29 March 1984 from Nicaragua to the President of the Security Council
The situation in the Middle East ,29 February 1984,S/16351/Rev.2,http://www.un.org/en/ga/search/view_doc.asp?symbol=S/16351/Rev.2,S/PV.2519,http://www.un.org/en/ga/search/view_doc.asp?symbol=S/PV.2519(OR),USSR,,,,USSR,,,1984-02-29,Middle East
The situation in Grenada ,27 October 1983,S/16077/Rev.1,http://www.un.org/en/ga/search/view_doc.asp?symbol=S/16077/Rev.1,S/PV.2491,http://www.un.org/en/ga/search/view_doc.asp?symbol=S/PV.2491(OR),USA,,,,,,USA,1983-10-27,Grenada
"Letters dated 1 September 1983 from the USA, the Republic of Korea, Canada and Japan to the President of the Security Council and Letter dated 2 September 1983 from Australia to the President of the Security Council",12 September 1983,S/15966/Rev.1,http://www.un.org/en/ga/search/view_doc.asp?symbol=S/15966/Rev.1,S/PV.2476,http://www.un.org/en/ga/search/view_doc.asp?symbol=S/PV.2476(OR),USSR,,,,USSR,,,1983-09-12,"Letters dated 1 September 1983 from the USA, the Republic of Korea, Canada and Japan to the President of the Security Council and Letter dated 2 September 1983 from Australia to the President of the Security Council"
The situation in the occupied Arab territories ,2 August 1983,S/15895,http://www.un.org/en/ga/search/view_doc.asp?symbol=S/15895,S/PV.2461,http://www.un.org/en/ga/search/view_doc.asp?symbol=S/PV.2461(OR),USA,,,,,,USA,1983-08-02,occupied Arab territories
The situation in the Middle East ,6 August 1982,S/15347/Rev.1,http://www.un.org/en/ga/search/view_doc.asp?symbol=S/15347/Rev.1,S/PV.2391,http://www.un.org/en/ga/search/view_doc.asp?symbol=S/PV.2391(OR),USA,,,,,,USA,1982-08-06,Middle East
The situation in the Middle East ,26 June 1982,S/15255/Rev.2,http://www.un.org/en/ga/search/view_doc.asp?symbol=S/15255/Rev.2,S/PV.2381,http://www.un.org/en/ga/search/view_doc.asp?symbol=S/PV.2381ANDCORR.1(OR),USA,,,,,,USA,1982-06-26,Middle East
The situation in the Middle East ,8 June 1982,S/15185,http://www.un.org/en/ga/search/view_doc.asp?symbol=S/15185,S/PV.2377,http://www.un.org/en/ga/search/view_doc.asp?symbol=S/PV.2377(OR),USA,,,,,,USA,1982-06-08,Middle East
Question concerning the situation in the region of the Falkland Islands (Islas Malvinas) ,4 June 1982,S/15156/Rev.2,http://www.un.org/en/ga/search/view_doc.asp?symbol=S/15156/Rev.2,S/PV.2373,http://www.un.org/en/ga/search/view_doc.asp?symbol=S/PV.2373(OR),UK USA,,,,,UK,USA,1982-06-04,the region of the Falkland Islands (Islas Malvinas)
The situation in the occupied Arab territories ,20 April 1982,S/14985,http://www.un.org/en/ga/search/view_doc.asp?symbol=S/14985,S/PV.2357,http://www.un.org/en/ga/search/view_doc.asp?symbol=S/PV.2357(OR),USA,,,,,,USA,1982-04-20,occupied Arab territories
The situation in the occupied Arab territories ,2 April 1982,S/14943,http://www.un.org/en/ga/search/view_doc.asp?symbol=S/14943,S/PV.2348,http://www.un.org/en/ga/search/view_doc.asp?symbol=S/PV.2348(OR),USA,,,,,,USA,1982-04-02,occupied Arab territories
 Letter dated 19 March 1982 from Nicaragua to the Secretary-General ,2 April 1982,S/14941,http://www.un.org/en/ga/search/view_doc.asp?symbol=S/14941,S/PV.2347,http://www.un.org/en/ga/search/view_doc.asp?symbol=S/PV.2347(OR),USA,,,,,,USA,1982-04-02,Letter dated 19 March 1982 from Nicaragua to the Secretary-General
The situation in the occupied Arab territories ,20 January 1982,S/14832/Rev.1,http://www.un.org/en/ga/search/view_doc.asp?symbol=S/14832/Rev.1,S/PV.2329,http://www.un.org/en/ga/search/view_doc.asp?symbol=S/PV.2329(OR),USA,,,,,,USA,1982-01-20,occupied Arab territories
Complaint by Angola against South Africa ,31 August 1981,S/14664/Rev.2,http://www.un.org/en/ga/search/view_doc.asp?symbol=S/14664/Rev.2,S/PV.2300,http://www.un.org/en/ga/search/view_doc.asp?symbol=S/PV.2300(OR),USA,,,,,,USA,1981-08-31,South Africa
The situation in Namibia,30 April 1981,S/14462,http://www.un.org/en/ga/search/view_doc.asp?symbol=S/14462,S/PV.2277,http://www.un.org/en/ga/search/view_doc.asp?symbol=S/PV.2277(OR),France UK USA,,France,,,UK,USA,1981-04-30,Namibia
The situation in Namibia,30 April 1981,S/14461,http://www.un.org/en/ga/search/view_doc.asp?symbol=S/14461,S/PV.2277,http://www.un.org/en/ga/search/view_doc.asp?symbol=S/PV.2277(OR),France UK USA,,France,,,UK,USA,1981-04-30,Namibia
The situation in Namibia ,30 April 1981,S/14460/Rev.1,http://www.un.org/en/ga/search/view_doc.asp?symbol=S/14460/Rev.1,S/PV.2277,http://www.un.org/en/ga/search/view_doc.asp?symbol=S/PV.2277(OR),France UK USA,,France,,,UK,USA,1981-04-30,Namibia
The situation in Namibia ,30 April 1981,S/14459,http://www.un.org/en/ga/search/view_doc.asp?symbol=S/14459,S/PV.2277,http://www.un.org/en/ga/search/view_doc.asp?symbol=S/PV.2277(OR),France UK USA,,France,,,UK,USA,1981-04-30,Namibia
The question of the exercise by the Palestinian people of its inalienable rights ,30 April 1980,S/13911,http://www.un.org/en/ga/search/view_doc.asp?symbol=S/13911,S/PV.2220,http://www.un.org/en/ga/search/view_doc.asp?symbol=S/PV.2220(OR),USA,,,,,,USA,1980-04-30,Palestine people of its inalienable rights
Letters dated 22 December 1979 from the USA to the President of the Security Council US and Iran hostage question,11 January 1980,S/13735,http://www.un.org/en/ga/search/view_doc.asp?symbol=S/13735,S/PV.2191,http://www.un.org/en/ga/search/view_doc.asp?symbol=S/PV.2191ANDADD.1(OR),USSR,,,,USSR,,,1980-01-11,Letters dated 22 December 1979 from the USA to the President of the Security Council US and Iran hostage
Letter dated 3 January 1980 from 52 countries to the President of the Security Council ,7 January 1980,S/13729,http://www.un.org/en/ga/search/view_doc.asp?symbol=S/13729,S/PV.2190,http://www.un.org/en/ga/search/view_doc.asp?symbol=S/PV.2190ANDCORR.1ANDADD.1(OR),USSR,,,,USSR,,,1980-01-07,Letter dated 3 January 1980 from 52 countries to the President of the Security Council
The situation in South-East Asia and its implications for international peace and security China and Viet Nam border dispute,16 March 1979,S/13162,http://www.un.org/en/ga/search/view_doc.asp?symbol=S/13162,S/PV.2129,http://www.un.org/en/ga/search/view_doc.asp?symbol=S/PV.2129(OR),USSR,,,,USSR,,,1979-03-16,South-East Asia and its implications for international peace and security China and Viet Nam border dispute
Telegram dated 3 January 1979 from Democratic Kampuchea to the President of the Security Council,15 January 1979,S/13027,http://www.un.org/en/ga/search/view_doc.asp?symbol=S/13027,S/PV.2112,http://www.un.org/en/ga/search/view_doc.asp?symbol=S/PV.2112(OR),USSR,,,,USSR,,,1979-01-15,Telegram dated 3 January 1979 from Democratic Kampuchea to the President of the Security Council
The question of South Africa ,31 October 1977,S/12312/Rev.1,http://www.un.org/en/ga/search/view_doc.asp?symbol=S/12312/Rev.1,S/PV.2045,http://www.un.org/en/ga/search/view_doc.asp?symbol=S/PV.2045(OR),France UK USA,,France,,,UK,USA,1977-10-31,South Africa
The question of South Africa ,31 October 1977,S/12311/Rev.1,http://www.un.org/en/ga/search/view_doc.asp?symbol=S/12311/Rev.1,S/PV.2045,http://www.un.org/en/ga/search/view_doc.asp?symbol=S/PV.2045(OR),France UK USA,,France,,,UK,USA,1977-10-31,South Africa
The question of South Africa ,31 October 1977,S/12310/Rev.1,http://www.un.org/en/ga/search/view_doc.asp?symbol=S/12310/Rev.1,S/PV.2045,http://www.un.org/en/ga/search/view_doc.asp?symbol=S/PV.2045(OR),France UK USA,,France,,,UK,USA,1977-10-31,South Africa
Admission of new Members Viet Nam ,15 November 1976,S/12226,http://www.un.org/en/ga/search/view_doc.asp?symbol=S/12226,S/PV.1972,http://www.un.org/en/ga/search/view_doc.asp?symbol=S/PV.1972(OR),USA,,,,,,USA,1976-11-15,Admission of new Members Viet Nam
The situation in Namibia ,19 October 1976,S/12211,http://www.un.org/en/ga/search/view_doc.asp?symbol=S/12211,S/PV.1963,http://www.un.org/en/ga/search/view_doc.asp?symbol=S/PV.1963(OR),France UK USA,,France,,,UK,USA,1976-10-19,Namibia
The question of the exercise by the Palestinian people of its inalienable rights ,29 June 1976,S/12119,http://www.un.org/en/ga/search/view_doc.asp?symbol=S/12119,S/PV.1938,http://www.un.org/en/ga/search/view_doc.asp?symbol=S/PV.1938(OR),USA,,,,,,USA,1976-06-29,Palestine people of its inalienable rights
Admission of new Members Angola ,23 June 1976,S/12110,http://www.un.org/en/ga/search/view_doc.asp?symbol=S/12110,S/PV.1932,http://www.un.org/en/ga/search/view_doc.asp?symbol=S/PV.1932(OR),USA,,,,,,USA,1976-06-23,Admission of new Members Angola
Request by Libya and Pakistan for consideration of the serious situation arising from recent developments in the occupied Arab territories,25 March 1976,S/12022,http://www.un.org/en/ga/search/view_doc.asp?symbol=S/12022,S/PV.1899,http://www.un.org/en/ga/search/view_doc.asp?symbol=S/PV.1899(OR),USA,,,,,,USA,1976-03-25,Request by Libya and Pakistan for consideration of the serious situation arising from recent developments in the occupied Arab territories
The situation in the Comoros,6 February 1976,S/11967,http://www.un.org/en/ga/search/view_doc.asp?symbol=S/11967,S/PV.1888,http://www.un.org/en/ga/search/view_doc.asp?symbol=S/PV.1888(OR),France,,France,,,,,1976-02-06,Comoros
The Middle East problem including the Palestinian question,26 January 1976,S/11940,http://www.un.org/en/ga/search/view_doc.asp?symbol=S/11940,S/PV.1879,http://www.un.org/en/ga/search/view_doc.asp?symbol=S/PV.1879(OR),USA,,,,,,USA,1976-01-26,Palestine
The situation in the Middle East,8 December 1975,S/11898,http://www.un.org/en/ga/search/view_doc.asp?symbol=S/11898,S/PV.1862,http://www.un.org/en/ga/search/view_doc.asp?symbol=S/PV.1862(OR),USA,,,,,,USA,1975-12-08,Middle East
Admission of new Members Democratic Republic of Viet-Nam,30 September 1975,S/11833,http://www.un.org/en/ga/search/view_doc.asp?symbol=S/11833,S/PV.1846,http://www.un.org/en/ga/search/view_doc.asp?symbol=S/PV.1846(OR),USA,,,,,,USA,1975-09-30,Admission of new Members Democratic Republic of Viet-Nam
Admission of new Members Republic of South Viet-Nam,30 September 1975,S/11832,http://www.un.org/en/ga/search/view_doc.asp?symbol=S/11832,S/PV.1846,http://www.un.org/en/ga/search/view_doc.asp?symbol=S/PV.1846(OR),USA,,,,,,USA,1975-09-30,Admission of new Members Republic of South Viet-Nam
Admission of new Members Democratic Republic of Viet-Nam,11 August 1975,S/11796,http://www.un.org/en/ga/search/view_doc.asp?symbol=S/11796,S/PV.1836,http://www.un.org/en/ga/search/view_doc.asp?symbol=S/PV.1836(OR),USA,,,,,,USA,1975-08-11,Admission of new Members Democratic Republic of Viet-Nam
Admission of new Members Republic of South Viet-Nam,11 August 1975,S/11795,http://www.un.org/en/ga/search/view_doc.asp?symbol=S/11795,S/PV.1836,http://www.un.org/en/ga/search/view_doc.asp?symbol=S/PV.1836(OR),USA,,,,,,USA,1975-08-11,Admission of new Members Republic of South Viet-Nam
The situation in Namibia,6 June 1975,S/11713,http://www.un.org/en/ga/search/view_doc.asp?symbol=S/11713,S/PV.1829,http://www.un.org/en/ga/search/view_doc.asp?symbol=S/PV.1829(OR),France UK USA,,France,,,UK,USA,1975-06-06,Namibia
Relationship between the UN and South Africa,30 October 1974,S/11543,http://www.un.org/en/ga/search/view_doc.asp?symbol=S/11543,S/PV.1808,http://www.un.org/en/ga/search/view_doc.asp?symbol=S/PV.1808(OR),France UK USA,,France,,,UK,USA,1974-10-30,Relationship between the UN and South Africa
The situation in Cyprus,31 July 1974,S/11400,http://www.un.org/en/ga/search/view_doc.asp?symbol=S/11400 as amended,S/PV.1788,http://www.un.org/en/ga/search/view_doc.asp?symbol=S/PV.1788(OR),USSR,,,,USSR,,,1974-07-31,Cyprus
The situation in the Middle East,26 July 1973,S/10974,http://www.un.org/en/ga/search/view_doc.asp?symbol=S/10974,S/PV.1735,http://www.un.org/en/ga/search/view_doc.asp?symbol=S/PV.1735(OR),USA,,,,,,USA,1973-07-26,Middle East
Question concerning the situation in Southern Rhodesia,22 May 1973,S/10928,http://www.un.org/en/ga/search/view_doc.asp?symbol=S/10928,S/PV.1716,http://www.un.org/en/ga/search/view_doc.asp?symbol=S/PV.1716(OR),UK USA,,,,,UK,USA,1973-05-22,Southern Rhodesia
Consideration of measures for the maintenance and strengthening of peace and security in Latin America,21 March 1973,S/10931/Rev.1,http://www.un.org/en/ga/search/view_doc.asp?symbol=S/10931/Rev.1,S/PV.1704,http://www.un.org/en/ga/search/view_doc.asp?symbol=S/PV.1704(OR),USA,,,,,,USA,1973-03-21,Consideration of measures for the maintenance and strengthening of peace and security in Latin America
Question concerning the situation in Southern Rhodesia,29 September 1972,S/10805/Rev.1,http://www.un.org/en/ga/search/view_doc.asp?symbol=S/10805/Rev.1 as amended,S/PV.1666,http://www.un.org/en/ga/search/view_doc.asp?symbol=S/PV.1666(OR),UK,,,,,UK,,1972-09-29,Southern Rhodesia
The situation in the Middle East,10 September 1972,S/10784,http://www.un.org/en/ga/search/view_doc.asp?symbol=S/10784,S/PV.1662,http://www.un.org/en/ga/search/view_doc.asp?symbol=S/PV.1662(OR),USA,,,,,,USA,1972-09-10,Middle East
Admission of new Members Bangladesh,25 August 1972,S/10771,http://www.un.org/en/ga/search/view_doc.asp?symbol=S/10771,S/PV.1660,http://www.un.org/en/ga/search/view_doc.asp?symbol=S/PV.1660(OR),China,China,,,,,,1972-08-25,Admission of new Members Bangladesh
Consideration of questions relating to Africa of which the Security Council is currently seized and implementation of the Council's relevant resolutions the situation in Southern Rhodesia,4 February 1972,S/10606,http://www.un.org/en/ga/search/view_doc.asp?symbol=S/10606,S/PV.1639,http://www.un.org/en/ga/search/view_doc.asp?symbol=S/PV.1639(OR),UK,,,,,UK,,1972-02-04,Consideration of questions relating to Africa of which the Security Council is currently seized and implementation of the Council's relevant resolutions the situation in Southern Rhodesia
Question concerning the situation in Southern Rhodesia,30 December 1971,S/10489,http://www.un.org/en/ga/search/view_doc.asp?symbol=S/10489,S/PV.1623,http://www.un.org/en/ga/search/view_doc.asp?symbol=S/PV.1623(OR),UK,,,,,UK,,1971-12-30,Southern Rhodesia
Letter dated 12 December 1971 from the USA to the President of the Security Council concerning the India-Pakistan question,13 December 1971,S/10446/Rev.1,http://www.un.org/en/ga/search/view_doc.asp?symbol=S/10446/Rev.1,S/PV.1613,http://www.un.org/en/ga/search/view_doc.asp?symbol=S/PV.1613(OR),USSR,,,,USSR,,,1971-12-13,Letter dated 12 December 1971 from the USA to the President of the Security Council concerning the India-Pakistan
"Letter dated 4 December 1971 from Argentina, Belgium, Burundi, Italy, Japan, Nicaragua, Somalia, the UK and the USA to the President of the Security Council concerning the IndiaPakistan question",5 December 1971,S/10423,http://www.un.org/en/ga/search/view_doc.asp?symbol=S/10423,S/PV.1607,http://www.un.org/en/ga/search/view_doc.asp?symbol=S/PV.1607(OR),USSR,,,,USSR,,,1971-12-05,"Letter dated 4 December 1971 from Argentina, Belgium, Burundi, Italy, Japan, Nicaragua, Somalia, the UK and the USA to the President of the Security Council concerning the IndiaPakistan"
"Letter dated 4 December 1971 from Argentina, Belgium, Burundi, Italy, Japan, Nicaragua, Somalia, the UK and the USA to the President of the Security Council concerning the India-Pakistan question",4 December 1971,S/10416,http://www.un.org/en/ga/search/view_doc.asp?symbol=S/10416,S/PV.1606,http://www.un.org/en/ga/search/view_doc.asp?symbol=S/PV.1606(OR),USSR,,,,USSR,,,1971-12-04,"Letter dated 4 December 1971 from Argentina, Belgium, Burundi, Italy, Japan, Nicaragua, Somalia, the UK and the USA to the President of the Security Council concerning the India-Pakistan"
Question concerning the situation in Southern Rhodesia,10 November 1970,S/9976,http://www.un.org/en/ga/search/view_doc.asp?symbol=S/9976,S/PV.1556,http://www.un.org/en/ga/search/view_doc.asp?symbol=S/PV.1556(OR),UK,,,,,UK,,1970-11-10,Southern Rhodesia
Question concerning the situation in Southern Rhodesia,17 March 1970,S/9696,http://www.un.org/en/ga/search/view_doc.asp?symbol=S/9696,S/PV.1534,http://www.un.org/en/ga/search/view_doc.asp?symbol=S/PV.1534(OR),UK USA,,,,,UK,USA,1970-03-17,Southern Rhodesia
"Letter dated 21 August 1968 from Canada, Denmark, France, Paraguay, the UK and the USA to the President of the Security Council concerning the situation in Czechoslovakia",22 August 1968,S/8761,http://www.un.org/en/ga/search/view_doc.asp?symbol=S/8761,S/PV.1443,http://www.un.org/en/ga/search/view_doc.asp?symbol=S/PV.1443(OR),USSR,,,,USSR,,,1968-08-22,"Letter dated 21 August 1968 from Canada, Denmark, France, Paraguay, the UK and the USA to the President of the Security Council concerning the situation in Czechoslovakia"
The Palestine question,4 November 1966,S/7575/Rev.1,http://www.un.org/en/ga/search/view_doc.asp?symbol=S/7575/Rev.1,S/PV.1319,http://www.un.org/en/ga/search/view_doc.asp?symbol=S/PV.1319(OR),USSR,,,,USSR,,,1966-11-04,Palestine
The Palestine question,21 December 1964,S/6113,http://www.un.org/en/ga/search/view_doc.asp?symbol=S/6113 as amended,S/PV.1182,http://www.un.org/en/ga/search/view_doc.asp?symbol=S/PV.1182(OR),USSR,,,,USSR,,,1964-12-21,Palestine
Letter dated 3 September 1964 from Malaysia to the President of the Security Council,17 September 1964,S/5973,http://www.un.org/en/ga/search/view_doc.asp?symbol=S/5973,S/PV.1152,http://www.un.org/en/ga/search/view_doc.asp?symbol=S/PV.1152(OR),USSR,,,,USSR,,,1964-09-17,Letter dated 3 September 1964 from Malaysia to the President of the Security Council
The situation in Southern Rhodesia,13 September 1963,S/5425/Rev.1,http://www.un.org/en/ga/search/view_doc.asp?symbol=S/5425/Rev.1,S/PV.1069,http://www.un.org/en/ga/search/view_doc.asp?symbol=S/PV.1069(OR),UK,,,,,UK,,1963-09-13,Southern Rhodesia
The Palestine question,3 September 1963,S/5407,http://www.un.org/en/ga/search/view_doc.asp?symbol=S/5407,S/PV.1063,http://www.un.org/en/ga/search/view_doc.asp?symbol=S/PV.1063(OR),USSR,,,,USSR,,,1963-09-03,Palestine
The India-Pakistan question,22 June 1962,S/5134,http://www.un.org/en/ga/search/view_doc.asp?symbol=S/5134,S/PV.1016,http://www.un.org/en/ga/search/view_doc.asp?symbol=S/PV.1016(OR),USSR,,,,USSR,,,1962-06-22,India-Pakistan
Letter dated 18 December 1961 from Portugal to the President of the Security Council concerning Goa,18 December 1961,S/5033,http://www.un.org/en/ga/search/view_doc.asp?symbol=S/5033,S/PV.988,http://www.un.org/en/ga/search/view_doc.asp?symbol=S/PV.988,USSR,,,,USSR,,,1961-12-18,Letter dated 18 December 1961 from Portugal to the President of the Security Council concerning Goa
Applications for Membership Kuwait,30 November 1961,S/5006,http://www.un.org/en/ga/search/view_doc.asp?symbol=S/5006,S/PV.985,http://www.un.org/en/ga/search/view_doc.asp?symbol=S/PV.985,USSR,,,,USSR,,,1961-11-30,Applications for Membership Kuwait
Complaints by Kuwait in respect of the situation arising from the threat by Iraq to the territorial integrity of Kuwait,7 July 1961,S/4855,http://www.un.org/en/ga/search/view_doc.asp?symbol=S/4855,S/PV.960,http://www.un.org/en/ga/search/view_doc.asp?symbol=S/PV.960,USSR,,,,USSR,,,1961-07-07,Complaints by Kuwait in respect of the situation arising from the threat by Iraq to the territorial integrity of Kuwait
Letter dated 13 July 1960 from the Secretary-General to the President of the Security Council the situation in the Congo,13 December 1960,S/4578/Rev.1,http://www.un.org/en/ga/search/view_doc.asp?symbol=S/4578/Rev.1,S/PV.920,http://www.un.org/en/ga/search/view_doc.asp?symbol=S/PV.920,USSR,,,,USSR,,,1960-12-13,Letter dated 13 July 1960 from the Secretary-General to the President of the Security Council the situation in the Congo
Applications for membership Mauritania,3 December 1960,S/4567/Rev.1,http://www.un.org/en/ga/search/view_doc.asp?symbol=S/4567/Rev.1,S/PV.911,http://www.un.org/en/ga/search/view_doc.asp?symbol=S/PV.911,USSR,,,,USSR,,,1960-12-03,Applications for membership Mauritania
Letter dated 13 July 1960 from the Secretary-General to the President of the Security Council concerning the situation in the Congo,17 September 1960,S/4523,http://www.un.org/en/ga/search/view_doc.asp?symbol=S/4523,S/PV.906,http://www.un.org/en/ga/search/view_doc.asp?symbol=S/PV.906,USSR,,,,USSR,,,1960-09-17,Letter dated 13 July 1960 from the Secretary-General to the President of the Security Council concerning the situation in the Congo
Telegrams dated 13 July 1960 from the USSR to the Secretary-General,26 July 1960,S/4409/Rev.1,http://www.un.org/en/ga/search/view_doc.asp?symbol=S/4409/Rev.1,S/PV.883,http://www.un.org/en/ga/search/view_doc.asp?symbol=S/PV.883,USSR,,,,USSR,,,1960-07-26,Telegrams dated 13 July 1960 from the USSR to the Secretary-General
Telegrams dated 13 July 1960 from the USSR to the Secretary-General,26 July 1960,S/4411,http://www.un.org/en/ga/search/view_doc.asp?symbol=S/4411,S/PV.883,http://www.un.org/en/ga/search/view_doc.asp?symbol=S/PV.883,USSR,,,,USSR,,,1960-07-26,Telegrams dated 13 July 1960 from the USSR to the Secretary-General
Admission of new Members Viet-Nam,9 December 1958,S/4130/Rev.1,http://www.un.org/en/ga/search/view_doc.asp?symbol=S/4130/Rev.1,S/PV.843,http://www.un.org/en/ga/search/view_doc.asp?symbol=S/PV.843,USSR,,,,USSR,,,1958-12-09,Admission of new Members Viet-Nam
Admission of new Members Republic of Korea,9 December 1958,S/4129/Rev.1,http://www.un.org/en/ga/search/view_doc.asp?symbol=S/4129/Rev.1,S/PV.843,http://www.un.org/en/ga/search/view_doc.asp?symbol=S/PV.843,USSR,,,,USSR,,,1958-12-09,Admission of new Members Republic of Korea
Letter dated 22 May 1958 from Lebanon and Letter dated 17 July 1958 from Jordan to the President of the Security Council Complaints by Lebanon and Jordan concerning the interference in their internal affairs by the United Arab Republic,22 July 1958,S/4055/Rev.1,http://www.un.org/en/ga/search/view_doc.asp?symbol=S/4055/Rev.1,S/PV.837,http://www.un.org/en/ga/search/view_doc.asp?symbol=S/PV.837,USSR,,,,USSR,,,1958-07-22,Letter dated 22 May 1958 from Lebanon and Letter dated 17 July 1958 from Jordan to the President of the Security Council Complaints by Lebanon and Jordan concerning the interference in their internal affairs by the United Arab Republic
Letter dated 22 May 1958 from Lebanon and Letter dated 17 July 1958 from Jordan to the President of the Security Council Complaints by Lebanon and Jordan concerning the interference in their internal affairs by the United Arab Republic,18 July 1958,S/4050/Rev.1,http://www.un.org/en/ga/search/view_doc.asp?symbol=S/4050/Rev.1,S/PV.834,http://www.un.org/en/ga/search/view_doc.asp?symbol=S/PV.834,USSR,,,,USSR,,,1958-07-18,Letter dated 22 May 1958 from Lebanon and Letter dated 17 July 1958 from Jordan to the President of the Security Council Complaints by Lebanon and Jordan concerning the interference in their internal affairs by the United Arab Republic
Complaint by USSR in a letter to the President of the Security Council dated 18 April 1958 entitled Urgent measures to put an end to flights by US military aircraft armed with atomic and hydrogen bombs in the direction of the frontiers of the Soviet Union,2 May 1958,S/3995,http://www.un.org/en/ga/search/view_doc.asp?symbol=S/3995,S/3998,http://www.un.org/en/ga/search/view_doc.asp?symbol=S/3998,USSR,,,,USSR,,,1958-05-02,Complaint by USSR in a letter to the President of the Security Council dated 18 April 1958 entitled Urgent measures to put an end to flights by US military aircraft armed with atomic and hydrogen bombs in the direction of the frontiers of the Soviet Union
Admission of new Members Viet-Nam,9 September 1957,S/3885,http://www.un.org/en/ga/search/view_doc.asp?symbol=S/3885,S/PV.790,http://www.un.org/en/ga/search/view_doc.asp?symbol=S/PV.790,USSR,,,,USSR,,,1957-09-09,Admission of new Members Viet-Nam
Admission of new Members Republic of Korea,9 September 1957,S/3884,http://www.un.org/en/ga/search/view_doc.asp?symbol=S/3884,S/PV.790,http://www.un.org/en/ga/search/view_doc.asp?symbol=S/PV.790,USSR,,,,USSR,,,1957-09-09,Admission of new Members Republic of Korea
The India-Pakistan question,20 February 1957,S/3787,http://www.un.org/en/ga/search/view_doc.asp?symbol=S/3787,S/PV.773,http://www.un.org/en/ga/search/view_doc.asp?symbol=S/PV.773,USSR,,,,USSR,,,1957-02-20,India-Pakistan
"Letter dated 27 October 1956 from France, the UK and the USA to the President of the Security Council concerning the situation in Hungary",4 November 1956,S/3730/Rev.1,http://www.un.org/en/ga/search/view_doc.asp?symbol=S/3730/Rev.1,S/PV.754,http://www.un.org/en/ga/search/view_doc.asp?symbol=S/PV.754,USSR,,,,USSR,,,1956-11-04,"Letter dated 27 October 1956 from France, the UK and the USA to the President of the Security Council concerning the situation in Hungary"
Letter  dated 29 October 1956 from the USA to the President of the Security Council concerning the Palestine question,30 October 1956,S/3713/Rev.1,http://www.un.org/en/ga/search/view_doc.asp?symbol=S/3713/Rev.1,S/PV.750,http://www.un.org/en/ga/search/view_doc.asp?symbol=S/PV.750,France UK,,France,,,UK,,1956-10-30,Letter  dated 29 October 1956 from the USA to the President of the Security Council concerning the Palestine
Letter dated 29 October 1956 from the USA to the President of the Security Council concerning the Palestine question,30 October 1956,S/3710,http://www.un.org/en/ga/search/view_doc.asp?symbol=S/3710,S/PV.749,http://www.un.org/en/ga/search/view_doc.asp?symbol=S/PV.749,France UK,,France,,,UK,,1956-10-30,Letter dated 29 October 1956 from the USA to the President of the Security Council concerning the Palestine
Admission of new Members Japan,15 December 1955,S/3510,http://www.un.org/en/ga/search/view_doc.asp?symbol=S/3510,S/PV.706,http://www.un.org/en/ga/search/view_doc.asp?symbol=S/PV.706,USSR,,,,USSR,,,1955-12-15,Admission of new Members Japan
Cablegram dated 19 June 1954 from Guatemala to the President of the Security Council,20 June 1954,S/3236/Rev.1,http://www.un.org/en/ga/search/view_doc.asp?symbol=S/3236/Rev.1,S/PV.675,http://www.un.org/en/ga/search/view_doc.asp?symbol=S/PV.675,USSR,,,,USSR,,,1954-06-20,Cablegram dated 19 June 1954 from Guatemala to the President of the Security Council
Letter dated 29 May 1954 from Thailand to the President of the Security Council,18 June 1954,S/3229,http://www.un.org/en/ga/search/view_doc.asp?symbol=S/3229,S/PV.674,http://www.un.org/en/ga/search/view_doc.asp?symbol=S/PV.674,USSR,,,,USSR,,,1954-06-18,Letter dated 29 May 1954 from Thailand to the President of the Security Council
The Palestine question,29 March 1954,S/3188/Corr.1,http://www.un.org/en/ga/search/view_doc.asp?symbol=S/3188/Corr.1,S/PV.664,http://www.un.org/en/ga/search/view_doc.asp?symbol=S/PV.664,USSR,,,,USSR,,,1954-03-29,Palestine
The Palestine question,22 January 1954,S/3151/Rev.2,http://www.un.org/en/ga/search/view_doc.asp?symbol=S/3151/Rev.2,S/PV.656,http://www.un.org/en/ga/search/view_doc.asp?symbol=S/PV.656,USSR,,,,USSR,,,1954-01-22,Palestine
Admission of new Members Cambodia,19 September 1952,S/2760,http://www.un.org/en/ga/search/view_doc.asp?symbol=S/2760,S/PV.603,http://www.un.org/en/ga/search/view_doc.asp?symbol=S/PV.603,USSR,,,,USSR,,,1952-09-19,Admission of new Members Cambodia
Admission of new Members Laos,19 September 1952,S/2759,http://www.un.org/en/ga/search/view_doc.asp?symbol=S/2759,S/PV.603,http://www.un.org/en/ga/search/view_doc.asp?symbol=S/PV.603,USSR,,,,USSR,,,1952-09-19,Admission of new Members Laos
Admission of new Members Vietnam,19 September 1952,S/2758,http://www.un.org/en/ga/search/view_doc.asp?symbol=S/2758,S/PV.603,http://www.un.org/en/ga/search/view_doc.asp?symbol=S/PV.603,USSR,,,,USSR,,,1952-09-19,Admission of new Members Vietnam
Admission of new Members Japan,18 September 1952,S/2754,http://www.un.org/en/ga/search/view_doc.asp?symbol=S/2754,S/PV.602,http://www.un.org/en/ga/search/view_doc.asp?symbol=S/PV.602,USSR,,,,USSR,,,1952-09-18,Admission of new Members Japan
Admission of new Members Libya,16 September 1952,S/2483,http://www.un.org/en/ga/search/view_doc.asp?symbol=S/2483,S/PV.600,http://www.un.org/en/ga/search/view_doc.asp?symbol=S/PV.600,USSR,,,,USSR,,,1952-09-16,Admission of new Members Libya
Question of a request for investigation of alleged bacterial warfare,9 July 1952,S/2688,http://www.un.org/en/ga/search/view_doc.asp?symbol=S/2688,S/PV.590,http://www.un.org/en/ga/search/view_doc.asp?symbol=S/PV.590,USSR,,,,USSR,,,1952-07-09,Question of a request for investigation of alleged bacterial warfare
Question of a request for investigation of alleged bacterial warfare,3 July 1952,S/2671,http://www.un.org/en/ga/search/view_doc.asp?symbol=S/2671,S/PV.587,http://www.un.org/en/ga/search/view_doc.asp?symbol=S/PV.587,USSR,,,,USSR,,,1952-07-03,Question of a request for investigation of alleged bacterial warfare
Admission of new Members Italy,6 February 1952,S/2443,http://www.un.org/en/ga/search/view_doc.asp?symbol=S/2443,S/PV.573,http://www.un.org/en/ga/search/view_doc.asp?symbol=S/PV.573,USSR,,,,USSR,,,1952-02-06,Admission of new Members Italy
Complaint of armed invasion of Taiwan (Formosa); Complaint of aggression upon the Republic of Korea,30 November 1950,S/1894,http://www.un.org/en/ga/search/view_doc.asp?symbol=S/1894,S/PV.530,http://www.un.org/en/ga/search/view_doc.asp?symbol=S/PV.530,USSR,,,,USSR,,,1950-11-30,Complaint of armed invasion of Taiwan (Formosa); Complaint of aggression upon the Republic of Korea
Complaint of bombing by air forces of the territory of China,12 September 1950,S/1752,http://www.un.org/en/ga/search/view_doc.asp?symbol=S/1752,S/PV.501,http://www.un.org/en/ga/search/view_doc.asp?symbol=S/PV.501,USSR,,,,USSR,,,1950-09-12,Complaint of bombing by air forces of the territory of China
Complaint of aggression upon the Republic of Korea,6 September 1950,S/1653,http://www.un.org/en/ga/search/view_doc.asp?symbol=S/1653,S/PV.496,http://www.un.org/en/ga/search/view_doc.asp?symbol=S/PV.496,USSR,,,,USSR,,,1950-09-06,Complaint of aggression upon the Republic of Korea
Regulation and reduction of armaments and armed forces,18 October 1949,S/1408/Rev.1,http://www.un.org/en/ga/search/view_doc.asp?symbol=S/1408/Rev.1,S/PV.452,http://www.un.org/en/ga/search/view_doc.asp?symbol=S/PV.452,USSR,,,,USSR,,,1949-10-18,Regulation and reduction of armaments and armed forces
Regulation and reduction of armaments and armed forces,18 October 1949,S/1399/Rev.1,http://www.un.org/en/ga/search/view_doc.asp?symbol=S/1399/Rev.1,S/PV.452,http://www.un.org/en/ga/search/view_doc.asp?symbol=S/PV.452,USSR,,,,USSR,,,1949-10-18,Regulation and reduction of armaments and armed forces
Regulation and reduction of armaments and armed forces,11 October 1949,S/1398,http://www.un.org/en/ga/search/view_doc.asp?symbol=S/1398,S/PV.450,http://www.un.org/en/ga/search/view_doc.asp?symbol=S/PV.450,USSR,,,,USSR,,,1949-10-11,Regulation and reduction of armaments and armed forces
Application for Membership Ceylon,13 September 1949,S/1337,http://www.un.org/en/ga/search/view_doc.asp?symbol=S/1337,S/PV.443,http://www.un.org/en/ga/search/view_doc.asp?symbol=S/PV.443,USSR,,,,USSR,,,1949-09-13,Application for Membership Ceylon
Application for Membership Austria,13 September 1949,S/1336,http://www.un.org/en/ga/search/view_doc.asp?symbol=S/1336,S/PV.443,http://www.un.org/en/ga/search/view_doc.asp?symbol=S/PV.443,USSR,,,,USSR,,,1949-09-13,Application for Membership Austria
Application for Membership Ireland,13 September 1949,S/1335,http://www.un.org/en/ga/search/view_doc.asp?symbol=S/1335,S/PV.443,http://www.un.org/en/ga/search/view_doc.asp?symbol=S/PV.443,USSR,,,,USSR,,,1949-09-13,Application for Membership Ireland
Application for Membership Finland,13 September 1949,S/1334,http://www.un.org/en/ga/search/view_doc.asp?symbol=S/1334,S/PV.443,http://www.un.org/en/ga/search/view_doc.asp?symbol=S/PV.443,USSR,,,,USSR,,,1949-09-13,Application for Membership Finland
Application for Membership Italy,13 September 1949,S/1333,http://www.un.org/en/ga/search/view_doc.asp?symbol=S/1333,S/PV.443,http://www.un.org/en/ga/search/view_doc.asp?symbol=S/PV.443,USSR,,,,USSR,,,1949-09-13,Application for Membership Italy
Application for Membership Transjordan,13 September 1949,S/1332,http://www.un.org/en/ga/search/view_doc.asp?symbol=S/1332,S/PV.443,http://www.un.org/en/ga/search/view_doc.asp?symbol=S/PV.443,USSR,,,,USSR,,,1949-09-13,Application for Membership Transjordan
Application for Membership Portugal,13 September 1949,S/1331,http://www.un.org/en/ga/search/view_doc.asp?symbol=S/1331,S/PV.443,http://www.un.org/en/ga/search/view_doc.asp?symbol=S/PV.443,USSR,,,,USSR,,,1949-09-13,Application for Membership Portugal
Application for Membership Nepal,7 September 1949,S/1385,http://www.un.org/en/ga/search/view_doc.asp?symbol=S/1385,S/PV.439,http://www.un.org/en/ga/search/view_doc.asp?symbol=S/PV.439,USSR,,,,USSR,,,1949-09-07,Application for Membership Nepal
Application for Membership Republic of Korea,8 April 1949,S/1305,http://www.un.org/en/ga/search/view_doc.asp?symbol=S/1305,S/PV.423,http://www.un.org/en/ga/search/view_doc.asp?symbol=S/PV.423,USSR,,,,USSR,,,1949-04-08,Application for Membership Republic of Korea
Application for Membership Ceylon,15 December 1948,S/PV.384,http://www.un.org/en/ga/search/view_doc.asp?symbol=S/PV.384,S/PV.384,http://www.un.org/en/ga/search/view_doc.asp?symbol=S/PV.384,USSR,,,,USSR,,,1948-12-15,Application for Membership Ceylon
"Identical notifications dated 29 September 1948 from France, the UK and the USA to the Secretary-General Berlin blockade",25 October 1948,S/1048,http://www.un.org/en/ga/search/view_doc.asp?symbol=S/1048,S/PV.372,http://www.un.org/en/ga/search/view_doc.asp?symbol=S/PV.372,USSR,,,,USSR,,,1948-10-25,"Identical notifications dated 29 September 1948 from France, the UK and the USA to the Secretary-General Berlin blockade"
Application for Membership Ceylon,18 August 1948,S/PV.351,http://www.un.org/en/ga/search/view_doc.asp?symbol=S/PV.351,S/PV.351,http://www.un.org/en/ga/search/view_doc.asp?symbol=S/PV.351,USSR,,,,USSR,,,1948-08-18,Application for Membership Ceylon
Letter dated 26 May 1948 from the Chairman of the Atomic Energy Commission to the President of the Security Council transmitting the Third Report of the Commission,22 June 1948,S/836,http://www.un.org/en/ga/search/view_doc.asp?symbol=S/836,S/PV.325,http://www.un.org/en/ga/search/view_doc.asp?symbol=S/PV.325,USSR,,,,USSR,,,1948-06-22,Letter dated 26 May 1948 from the Chairman of the Atomic Energy Commission to the President of the Security Council transmitting the Third Report of the Commission
Letter dated 12 Mar 1948 from Chile to the Secretary-General events in Czechoslovakia,24 May 1948,S/PV.3038,http://www.un.org/en/ga/search/view_doc.asp?symbol=S/PV.3038,S/PV.303,http://www.un.org/en/ga/search/view_doc.asp?symbol=S/PV.303,USSR,,,,USSR,,,1948-05-24,Letter dated 12 Mar 1948 from Chile to the Secretary-General events in Czechoslovakia
Letter dated 12 Mar 1948 from Chile to the Secretary-General events in Czechoslovakia preliminary question,24 May 1948,S/PV.303,http://www.un.org/en/ga/search/view_doc.asp?symbol=S/PV.303,S/PV.303,http://www.un.org/en/ga/search/view_doc.asp?symbol=S/PV.303,USSR,,,,USSR,,,1948-05-24,Letter dated 12 Mar 1948 from Chile to the Secretary-General events in Czechoslovakia preliminary
Application for Membership Italy,10 April 1948,S/PV.279,http://www.un.org/en/ga/search/view_doc.asp?symbol=S/PV.279,S/PV.279,http://www.un.org/en/ga/search/view_doc.asp?symbol=S/PV.279,USSR,,,,USSR,,,1948-04-10,Application for Membership Italy
Application for Membership Italy,1 October 1947,S/PV.206,http://www.un.org/en/ga/search/view_doc.asp?symbol=S/PV.206,S/PV.206,http://www.un.org/en/ga/search/view_doc.asp?symbol=S/PV.206,USSR,,,,USSR,,,1947-10-01,Application for Membership Italy
Application for Membership Finland,1 October 1947,S/PV.206,http://www.un.org/en/ga/search/view_doc.asp?symbol=S/PV.206,S/PV.206,http://www.un.org/en/ga/search/view_doc.asp?symbol=S/PV.206,USSR,,,,USSR,,,1947-10-01,Application for Membership Finland
"The Greek question concerning the situation in northern, Greece preliminary question",15 September 1947,S/552,http://www.un.org/en/ga/search/view_doc.asp?symbol=S/552,S/PV.202,http://www.un.org/en/ga/search/view_doc.asp?symbol=S/PV.202,USSR,,,,USSR,,,1947-09-15,"Greek question concerning the situation in northern, Greece preliminary"
The Greek question concerning the situation in northern Greece,15 September 1947,S/552,http://www.un.org/en/ga/search/view_doc.asp?symbol=S/552,S/PV.202,http://www.un.org/en/ga/search/view_doc.asp?symbol=S/PV.202,USSR,,,,USSR,,,1947-09-15,Greek question concerning the situation in northern Greece
Application for Membership Austria,21 August 1947,S/PV.190,http://www.un.org/en/ga/search/view_doc.asp?symbol=S/PV.190,S/PV.190,http://www.un.org/en/ga/search/view_doc.asp?symbol=S/PV.190,USSR,,,,USSR,,,1947-08-21,Application for Membership Austria
Application for Membership Italy,21 August 1947,S/PV.190,http://www.un.org/en/ga/search/view_doc.asp?symbol=S/PV.190,S/PV.190,http://www.un.org/en/ga/search/view_doc.asp?symbol=S/PV.190,USSR,,,,USSR,,,1947-08-21,Application for Membership Italy
The Greek question Greek frontier incidents,19 August 1947,S/486,http://www.un.org/en/ga/search/view_doc.asp?symbol=S/486,S/PV.188,http://www.un.org/en/ga/search/view_doc.asp?symbol=S/PV.188,USSR,,,,USSR,,,1947-08-19,Greek question Greek frontier incidents
The Greek question Greek frontier incidents,19 August 1947,S/471,http://www.un.org/en/ga/search/view_doc.asp?symbol=S/471,S/471/Add.1,http://www.un.org/en/ga/search/view_doc.asp?symbol=S/471/Add.1,USSR,,,,USSR,,,1947-08-19,Greek question Greek frontier incidents
Application for Membership Portugal,18 August 1947,S/PV.186,http://www.un.org/en/ga/search/view_doc.asp?symbol=S/PV.186,S/PV.186,http://www.un.org/en/ga/search/view_doc.asp?symbol=S/PV.186,USSR,,,,USSR,,,1947-08-18,Application for Membership Portugal
Application for Membership Ireland,18 August 1947,S/PV.186,http://www.un.org/en/ga/search/view_doc.asp?symbol=S/PV.186,S/PV.186,http://www.un.org/en/ga/search/view_doc.asp?symbol=S/PV.186,USSR,,,,USSR,,,1947-08-18,Application for Membership Ireland
Application for Membership Transjordan,18 August 1947,S/PV.186,http://www.un.org/en/ga/search/view_doc.asp?symbol=S/PV.186,S/PV.186,http://www.un.org/en/ga/search/view_doc.asp?symbol=S/PV.186,USSR,,,,USSR,,,1947-08-18,Application for Membership Transjordan
The Greek question Greek frontier incidents,29 July 1947,S/PV.170,http://www.un.org/en/ga/search/view_doc.asp?symbol=S/PV.170,S/PV.170,http://www.un.org/en/ga/search/view_doc.asp?symbol=S/PV.170,USSR,,,,USSR,,,1947-07-29,Greek question Greek frontier incidents
Incidents in the Corfu Channel,25 March 1947,S/PV.122,http://www.un.org/en/ga/search/view_doc.asp?symbol=S/PV.122,S/PV.122,http://www.un.org/en/ga/search/view_doc.asp?symbol=S/PV.122,USSR,,,,USSR,,,1947-03-25,Incidents in the Corfu Channel
Telegram dated 24 August 1946 from the Ukrainian Soviet Socialist Republic to the Secretary-General,20 September 1946,S/PV.70,http://www.un.org/en/ga/search/view_doc.asp?symbol=S/PV.70,S/PV.70,http://www.un.org/en/ga/search/view_doc.asp?symbol=S/PV.70,USSR,,,,USSR,,,1946-09-20,Telegram dated 24 August 1946 from the Ukrainian Soviet Socialist Republic to the Secretary-General
Application for Membership Portugal,29 August 1946,S/PV.57,http://www.un.org/en/ga/search/view_doc.asp?symbol=S/PV.57,S/PV.57,http://www.un.org/en/ga/search/view_doc.asp?symbol=S/PV.57,USSR,,,,USSR,,,1946-08-29,Application for Membership Portugal
Application for Membership Ireland,29 August 1946,S/PV.57,http://www.un.org/en/ga/search/view_doc.asp?symbol=S/PV.57,S/PV.57,http://www.un.org/en/ga/search/view_doc.asp?symbol=S/PV.57,USSR,,,,USSR,,,1946-08-29,Application for Membership Ireland
Application for Membership Transjordan,29 August 1946,S/PV.57,http://www.un.org/en/ga/search/view_doc.asp?symbol=S/PV.57,S/PV.57,http://www.un.org/en/ga/search/view_doc.asp?symbol=S/PV.57,USSR,,,,USSR,,,1946-08-29,Application for Membership Transjordan
The Spanish question,26 June 1946,S/PV.49,http://www.un.org/en/ga/search/view_doc.asp?symbol=S/PV.49,S/PV.49,http://www.un.org/en/ga/search/view_doc.asp?symbol=S/PV.49,USSR,,,,USSR,,,1946-06-26,Spain
The Spanish question preliminary question,26 June 1946,S/PV.49,http://www.un.org/en/ga/search/view_doc.asp?symbol=S/PV.49,S/PV.49,http://www.un.org/en/ga/search/view_doc.asp?symbol=S/PV.49,USSR,,,,USSR,,,1946-06-26,Spain question preliminary
The Spanish question,26 June 1946,S/PV.49,http://www.un.org/en/ga/search/view_doc.asp?symbol=S/PV.49,S/PV.49,http://www.un.org/en/ga/search/view_doc.asp?symbol=S/PV.49,USSR,,,,USSR,,,1946-06-26,Spain
The Spanish question,18 June 1946,S/PV.45,http://www.un.org/en/ga/search/view_doc.asp?symbol=S/PV.45,S/PV.47,http://www.un.org/en/ga/search/view_doc.asp?symbol=S/PV.47,USSR,,,,USSR,,,1946-06-18,Spain
Letter from the Heads of the Lebanese and Syrian delegations to the Secretary-General dated 4 February 1946,16 February 1946,S/PV.23,http://www.un.org/en/ga/search/view_doc.asp?symbol=S/PV.23,S/PV.23,http://www.un.org/en/ga/search/view_doc.asp?symbol=S/PV.23,USSR,,,,USSR,,,1946-02-16,Letter from the Heads of the Lebanese and Syrian delegations to the Secretary-General dated 4 February 1946
